[
    {
        "id": "6968c6be09a2d",
        "name": "anni",
        "position": "web developer",
        "company": "softgrowth",
        "review": "best",
        "image": "1768474302-2207.jpeg"
    },
    {
        "id": "6968c6c678b80",
        "name": "anni",
        "position": "web developer",
        "company": "softgrowth",
        "review": "best",
        "image": "1768474310-2819.jpeg"
    },
    {
        "id": "696e04b447924",
        "name": "akshay",
        "position": "web developer",
        "company": "softgrowth",
        "review": "best",
        "image": "1768817844-4428.jpeg"
    },
    {
        "id": "696e07768ad13",
        "name": "Venus Collier",
        "position": "Repellendus Cupidat",
        "company": "Harum explicabo Bla",
        "review": "Consequat Eu minim ",
        "image": "1768818550-9467.png"
    },
    {
        "id": "696e07a2cc95a",
        "name": "Beau York",
        "position": "Obcaecati Nam provid",
        "company": "Odit dolore et qui i",
        "review": "Porro consequatur P",
        "image": null
    },
    {
        "id": "696e126a55df9",
        "name": "Brett Duran",
        "position": "Laboris labore ea nu",
        "company": "Recusandae In disti",
        "review": "Deleniti earum vero ",
        "image": "1768821354-1235.png"
    },
    {
        "id": "696e13eea1a30",
        "name": "Akshaygsdahdi",
        "position": "akjfavjabvbasvoub",
        "company": "adkvjbadbvoabndvoadnvpadn",
        "review": "nsdvobnodbnobdndobnodbna",
        "image": "1768821742-7329.jpg"
    },
    {
        "id": "696e1524dff96",
        "name": "djvnkvgksvd",
        "position": "sdvljnsldvbnsd",
        "company": "lkndslbknvd",
        "review": "sdlvknlsdbnlksdnb",
        "image": "1768822052-5392.jpg"
    },
    {
        "id": "696e159502f70",
        "name": "akjvbfskBDVKb",
        "position": "jbvkjbqavdkavbd",
        "company": "akdvbkdavbjoqabn",
        "review": "ondvoandbvonpdl",
        "image": null
    },
    {
        "id": "696e16845a682",
        "name": "askvbkasBVbjk",
        "position": "ajdvnkjbvkjbas",
        "company": "adkjvbjdavbojbad",
        "review": "sdvjb advjbjb",
        "image": null
    }
]